Date,Rate
2011-01-03,4.875
2011-01-04,4.86
2011-01-05,4.845
2011-01-06,4.845
2011-01-07,4.8708
2011-01-10,4.845
2011-01-11,4.855
2011-01-12,4.8658
2011-01-13,4.885
2011-01-14,4.86
2011-01-17,4.845
2011-01-18,4.87
2011-01-19,4.85
2011-01-20,4.8615
2011-01-21,4.88
2011-01-24,4.865
2011-01-25,4.845
2011-01-26,4.85
2011-01-27,4.855
2011-01-28,4.8607
2011-01-31,4.85
2011-02-01,4.85
2011-02-02,4.825
2011-02-03,4.835
2011-02-04,4.845
2011-02-07,4.845
2011-02-08,4.845
2011-02-09,4.84
2011-02-10,4.84
2011-02-11,4.84
2011-02-14,4.845
2011-02-15,4.855
2011-02-16,4.83
2011-02-17,4.83
2011-02-18,4.835
2011-02-21,4.865
2011-02-22,4.8589
2011-02-23,4.85
2011-02-24,4.83
2011-02-25,4.82
2011-02-28,4.8413
2011-03-01,4.855
2011-03-02,4.84
2011-03-03,4.8536
2011-03-04,4.84
2011-03-07,4.815
2011-03-08,4.84
2011-03-09,4.865
2011-03-10,4.84
2011-03-11,4.8587
2011-03-14,4.825
2011-03-15,4.865
2011-03-16,4.835
2011-03-17,4.84
2011-03-18,4.815
2011-03-21,4.8546
2011-03-22,4.8546
2011-03-23,4.83
2011-03-24,4.865
2011-03-25,4.825
2011-03-28,4.825
2011-03-29,4.84
2011-03-30,4.825
2011-03-31,4.845
2011-04-01,4.8331
2011-04-04,4.87
2011-04-05,4.85
2011-04-06,4.845
2011-04-07,4.8275
2011-04-08,4.825
2011-04-11,4.815
2011-04-12,4.84
2011-04-13,4.84
2011-04-14,4.86
2011-04-15,4.83
2011-04-18,4.8596
2011-04-19,4.8508
2011-04-20,4.865
2011-04-21,4.845
2011-04-22,4.845
2011-04-25,4.845
2011-04-26,4.8448
2011-04-27,4.845
2011-04-28,4.8699
2011-04-29,4.8599
2011-05-02,4.84
2011-05-03,4.8375
2011-05-04,4.86
2011-05-05,4.845
2011-05-06,4.8365
2011-05-09,4.8323
2011-05-10,4.845
2011-05-11,4.865
2011-05-12,4.85
2011-05-13,4.8525
2011-05-16,4.84
2011-05-17,4.8599
2011-05-18,4.8588
2011-05-19,4.8465
2011-05-20,4.8481
2011-05-23,4.83
2011-05-24,4.835
2011-05-25,4.84
2011-05-26,4.8568
2011-05-27,4.8686
2011-05-30,4.845
2011-05-31,4.8449
2011-06-01,4.8725
2011-06-02,4.8699
2011-06-03,4.86
2011-06-06,4.85
2011-06-07,4.83
2011-06-08,4.85
2011-06-09,4.825
2011-06-10,4.85
2011-06-13,4.855
2011-06-14,4.8689
2011-06-15,4.835
2011-06-16,4.82
2011-06-17,4.8435
2011-06-20,4.8175
2011-06-21,4.845
2011-06-22,4.835
2011-06-23,4.85
2011-06-24,4.835
2011-06-27,4.845
2011-06-28,4.8495
2011-06-29,4.8475
2011-06-30,4.845
2011-07-01,4.85
2011-07-04,4.8556
2011-07-05,4.845
2011-07-06,4.84
2011-07-07,4.8389
2011-07-08,4.85
2011-07-11,4.839
2011-07-12,4.826
2011-07-13,4.8185
2011-07-14,4.8081
2011-07-15,4.81
2011-07-18,4.8031
2011-07-19,4.795
2011-07-20,4.8
2011-07-21,4.809
2011-07-22,4.79
2011-07-25,4.7975
2011-07-26,4.815
2011-07-27,4.83
2011-07-28,4.8125
2011-07-29,4.815
2011-08-01,4.805
2011-08-02,4.8225
2011-08-03,4.815
2011-08-04,4.825
2011-08-05,4.81
2011-08-08,4.82
2011-08-09,4.82
2011-08-10,4.81
2011-08-11,4.81
2011-08-12,4.81
2011-08-15,4.8
2011-08-16,4.82
2011-08-17,4.825
2011-08-18,4.8217
2011-08-19,4.7975
2011-08-22,4.805
2011-08-23,4.7987
2011-08-24,4.805
2011-08-25,4.8036
2011-08-26,4.79
2011-08-29,4.78
2011-08-30,4.79
2011-08-31,4.8
2011-09-01,4.7925
2011-09-02,4.7855
2011-09-05,4.77
2011-09-06,4.775
2011-09-07,4.7745
2011-09-08,4.765
2011-09-09,4.77
2011-09-12,4.75
2011-09-13,4.772
2011-09-14,4.75
2011-09-15,4.76
2011-09-16,4.75
2011-09-19,4.75
2011-09-20,4.78
2011-09-21,4.7825
2011-09-22,4.78
2011-09-23,4.805
2011-09-26,4.81
2011-09-27,4.8
2011-09-28,4.785
2011-09-29,4.785
2011-09-30,4.7875
2011-10-03,4.7843
2011-10-04,4.7905
2011-10-05,4.79
2011-10-06,4.7862
2011-10-07,4.79
2011-10-10,4.79
2011-10-11,4.795
2011-10-12,4.795
2011-10-13,4.795
2011-10-14,4.795
2011-10-17,4.7975
2011-10-18,4.7936
2011-10-19,4.7975
2011-10-20,4.805
2011-10-21,4.79
2011-10-24,4.7906
2011-10-25,4.7875
2011-10-26,4.7925
2011-10-27,4.81
2011-10-28,4.8069
2011-10-31,4.7975
2011-11-01,4.8018
2011-11-02,4.8
2011-11-03,4.8
2011-11-04,4.79
2011-11-07,4.795
2011-11-08,4.7975
2011-11-09,4.7875
2011-11-10,4.795
2011-11-11,4.805
2011-11-14,4.805
2011-11-15,4.8039
2011-11-16,4.7936
2011-11-17,4.81
2011-11-18,4.8056
2011-11-21,4.795
2011-11-22,4.795
2011-11-23,4.7941
2011-11-24,4.805
2011-11-25,4.8025
2011-11-28,4.81
2011-11-29,4.805
2011-11-30,4.795
2011-12-01,4.7975
2011-12-02,4.8
2011-12-05,4.795
2011-12-06,4.805
2011-12-07,4.79
2011-12-08,4.7975
2011-12-09,4.805
2011-12-12,4.81
2011-12-13,4.81
2011-12-14,4.805
2011-12-15,4.8075
2011-12-16,4.8
2011-12-19,4.787
2011-12-20,4.8025
2011-12-21,4.7983
2011-12-22,4.79
2011-12-23,4.8
2011-12-26,4.8018
2011-12-27,4.7935
2011-12-28,4.7862
2011-12-29,4.7975
2011-12-30,4.79
2012-01-02,4.8035
2012-01-03,4.805
2012-01-04,4.8
2012-01-05,4.79
2012-01-06,4.7815
2012-01-09,4.78
2012-01-10,4.795
2012-01-11,4.7875
2012-01-12,4.78
2012-01-13,4.7837
2012-01-16,4.79
2012-01-17,4.79
2012-01-18,4.78
2012-01-19,4.775
2012-01-20,4.785
2012-01-23,4.7725
2012-01-24,4.7879
2012-01-25,4.7975
2012-01-26,4.775
2012-01-27,4.78
2012-01-30,4.79
2012-01-31,4.7925
2012-02-01,4.7918
2012-02-02,4.785
2012-02-03,4.7869
2012-02-06,4.785
2012-02-07,4.785
2012-02-08,4.7825
2012-02-09,4.785
2012-02-10,4.785
2012-02-13,4.79
2012-02-14,4.785
2012-02-15,4.785
2012-02-16,4.78
2012-02-17,4.785
2012-02-20,4.7825
2012-02-21,4.7801
2012-02-22,4.7825
2012-02-23,4.78
2012-02-24,4.785
2012-02-27,4.785
2012-02-28,4.7833
2012-02-29,4.78
2012-03-01,4.785
2012-03-02,4.785
2012-03-05,4.7738
2012-03-06,4.775
2012-03-07,4.78
2012-03-08,4.7738
2012-03-09,4.759
2012-03-12,4.764
2012-03-13,4.7587
2012-03-14,4.765
2012-03-15,4.765
2012-03-16,4.765
2012-03-19,4.765
2012-03-20,4.765
2012-03-21,4.77
2012-03-22,4.7688
2012-03-23,4.7683
2012-03-26,4.7683
2012-03-27,4.7666
2012-03-28,4.764
2012-03-29,4.764
2012-03-30,4.77
2012-04-02,4.77
2012-04-03,4.76
2012-04-04,4.76
2012-04-05,4.76
2012-04-06,4.76
2012-04-09,4.76
2012-04-10,4.7575
2012-04-11,4.7595
2012-04-12,4.75
2012-04-13,4.75
2012-04-16,4.7557
2012-04-17,4.7525
2012-04-18,4.7475
2012-04-19,4.725
2012-04-20,4.7175
2012-04-23,4.725
2012-04-24,4.72
2012-04-25,4.725
2012-04-26,4.725
2012-04-27,4.725
2012-04-30,4.7475
2012-05-01,4.755
2012-05-02,4.755
2012-05-03,4.7525
2012-05-04,4.7525
2012-05-07,4.745
2012-05-08,4.76
2012-05-09,4.7575
2012-05-10,4.77
2012-05-11,4.77
2012-05-14,4.7691
2012-05-15,4.75
2012-05-16,4.75
2012-05-17,4.76
2012-05-18,4.755
2012-05-21,4.765
2012-05-22,4.7575
2012-05-23,4.7675
2012-05-24,4.7687
2012-05-25,4.7818
2012-05-28,4.7575
2012-05-29,4.755
2012-05-30,4.765
2012-05-31,4.76
2012-06-01,4.75
2012-06-04,4.765
2012-06-05,4.7625
2012-06-06,4.7662
2012-06-07,4.768
2012-06-08,4.764
2012-06-11,4.75
2012-06-12,4.755
2012-06-13,4.765
2012-06-14,4.7656
2012-06-15,4.765
2012-06-18,4.76
2012-06-19,4.7645
2012-06-20,4.7675
2012-06-21,4.7571
2012-06-22,4.76
2012-06-25,4.7695
2012-06-26,4.773
2012-06-27,4.7725
2012-06-28,4.7636
2012-06-29,4.7651
2012-07-02,4.77
2012-07-03,4.7651
2012-07-04,4.7625
2012-07-05,4.7585
2012-07-06,4.765
2012-07-09,4.7635
2012-07-10,4.7935
2012-07-11,4.7825
2012-07-12,4.78
2012-07-13,4.785
2012-07-16,4.7875
2012-07-17,4.7837
2012-07-18,4.7812
2012-07-19,4.7775
2012-07-20,4.7806
2012-07-23,4.785
2012-07-24,4.7875
2012-07-25,4.785
2012-07-26,4.7825
2012-07-27,4.7812
2012-07-30,4.7775
2012-07-31,4.7788
2012-08-01,4.7804
2012-08-02,4.785
2012-08-03,4.7897
2012-08-06,4.785
2012-08-07,4.7825
2012-08-08,4.78
2012-08-09,4.7875
2012-08-10,4.7916
2012-08-13,4.78
2012-08-14,4.7866
2012-08-15,4.7844
2012-08-16,4.7875
2012-08-17,4.785
2012-08-20,4.79
2012-08-21,4.79
2012-08-22,4.7901
2012-08-23,4.79
2012-08-24,4.795
2012-08-27,4.795
2012-08-28,4.8
2012-08-29,4.79
2012-08-30,4.79
2012-08-31,4.7925
2012-09-03,4.7912
2012-09-04,4.7875
2012-09-05,4.7937
2012-09-06,4.7925
2012-09-07,4.8
2012-09-10,4.8025
2012-09-11,4.8
2012-09-12,4.804
2012-09-13,4.805
2012-09-14,4.797
2012-09-17,4.8
2012-09-18,4.804
2012-09-19,4.8075
2012-09-20,4.8087
2012-09-21,4.8025
2012-09-24,4.81
2012-09-25,4.815
2012-09-26,4.81
2012-09-27,4.81
2012-09-28,4.805
2012-10-01,4.8075
2012-10-02,4.81
2012-10-03,4.81
2012-10-04,4.81
2012-10-05,4.81
2012-10-08,4.81
2012-10-09,4.81
2012-10-10,4.8125
2012-10-11,4.8112
2012-10-12,4.8112
2012-10-15,4.8125
2012-10-16,4.8162
2012-10-17,4.82
2012-10-18,4.8189
2012-10-19,4.82
2012-10-22,4.82
2012-10-23,4.8237
2012-10-24,4.8225
2012-10-25,4.8262
2012-10-26,4.8225
2012-10-29,4.8275
2012-10-30,4.828
2012-10-31,4.83
2012-11-01,4.831
2012-11-02,4.835
2012-11-05,4.835
2012-11-06,4.8525
2012-11-07,4.8437
2012-11-08,4.839
2012-11-09,4.84
2012-11-12,4.846
2012-11-13,4.842
2012-11-14,4.84
2012-11-15,4.845
2012-11-16,4.84
2012-11-19,4.836
2012-11-20,4.836
2012-11-21,4.8375
2012-11-22,4.84
2012-11-23,4.8562
2012-11-26,4.85
2012-11-27,4.8425
2012-11-28,4.8462
2012-11-29,4.846
2012-11-30,4.8475
2012-12-03,4.8462
2012-12-04,4.8431
2012-12-05,4.835
2012-12-06,4.8395
2012-12-07,4.84
2012-12-10,4.84
2012-12-11,4.84
2012-12-12,4.84
2012-12-13,4.84
2012-12-14,4.84
2012-12-17,4.84
2012-12-18,4.84
2012-12-19,4.84
2012-12-20,4.84
2012-12-21,4.84
2012-12-24,4.8447
2012-12-25,4.855
2012-12-26,4.855
2012-12-27,4.8475
2012-12-28,4.8437
2012-12-31,4.845
2013-01-01,4.8475
2013-01-02,4.8475
2013-01-03,4.8437
2013-01-04,4.845
2013-01-07,4.8475
2013-01-08,4.8437
2013-01-09,4.8475
2013-01-10,4.8425
2013-01-11,4.8468
2013-01-14,4.8435
2013-01-15,4.8443
2013-01-16,4.8425
2013-01-17,4.8447
2013-01-18,4.8475
2013-01-21,4.8337
2013-01-22,4.8325
2013-01-23,4.8387
2013-01-24,4.84
2013-01-25,4.835
2013-01-28,4.83
2013-01-29,4.835
2013-01-30,4.8375
2013-01-31,4.84
2013-02-01,4.84
2013-02-04,4.835
2013-02-05,4.835
2013-02-06,4.8325
2013-02-07,4.8362
2013-02-08,4.825
2013-02-11,4.825
2013-02-12,4.8235
2013-02-13,4.8185
2013-02-14,4.8255
2013-02-15,4.83
2013-02-18,4.8325
2013-02-19,4.8262
2013-02-20,4.8235
2013-02-21,4.8175
2013-02-22,4.8135
2013-02-25,4.8175
2013-02-26,4.8132
2013-02-27,4.805
2013-02-28,4.799
2013-03-01,4.795
2013-03-04,4.7925
2013-03-05,4.7837
2013-03-06,4.776
2013-03-07,4.7685
2013-03-08,4.755
2013-03-11,4.345
2013-03-12,4.3375
2013-03-13,4.34
2013-03-14,4.3223
2013-03-15,4.321
2013-03-18,4.324
2013-03-19,4.324
2013-03-20,4.3181
2013-03-21,4.331
2013-03-22,4.336
2013-03-25,4.343
2013-03-26,4.3465
2013-03-27,4.3475
2013-03-28,4.3512
2013-03-29,4.3512
2013-04-01,4.3512
2013-04-02,4.354
2013-04-03,4.3425
2013-04-04,4.3462
2013-04-05,4.3375
2013-04-08,4.3335
2013-04-09,4.3425
2013-04-10,4.3362
2013-04-11,4.3281
2013-04-12,4.3314
2013-04-15,4.3348
2013-04-16,4.3375
2013-04-17,4.3351
2013-04-18,4.3275
2013-04-19,4.3312
2013-04-22,4.325
2013-04-23,4.3258
2013-04-24,4.3303
2013-04-25,4.3251
2013-04-26,4.325
2013-04-29,4.3325
2013-04-30,4.3275
2013-05-01,4.3237
2013-05-02,4.3237
2013-05-03,4.3293
2013-05-06,4.325
2013-05-07,4.3321
2013-05-08,4.331
2013-05-09,4.325
2013-05-10,4.3156
2013-05-13,4.315
2013-05-14,4.3175
2013-05-15,4.315
2013-05-16,4.3115
2013-05-17,4.3139
2013-05-20,4.317
2013-05-21,4.3175
2013-05-22,4.315
2013-05-23,4.3065
2013-05-24,4.311
2013-05-27,4.3139
2013-05-28,4.3075
2013-05-29,4.3075
2013-05-30,4.3075
2013-05-31,4.304
2013-06-03,4.3098
2013-06-04,4.305
2013-06-05,4.302
2013-06-06,4.3
2013-06-07,4.2975
2013-06-10,4.3
2013-06-11,4.2986
2013-06-12,4.2855
2013-06-13,4.2942
2013-06-14,4.2971
2013-06-17,4.301
2013-06-18,4.3015
2013-06-19,4.3025
2013-06-20,4.3025
2013-06-21,4.3108
2013-06-24,4.3166
2013-06-25,4.3148
2013-06-26,4.3074
2013-06-27,4.3115
2013-06-28,4.3144
2013-07-01,4.3137
2013-07-02,4.327
2013-07-03,4.321
2013-07-04,4.3205
2013-07-05,4.3145
2013-07-08,4.3125
2013-07-09,4.3152
2013-07-10,4.3166
2013-07-11,4.316
2013-07-12,4.3193
2013-07-15,4.32
2013-07-16,4.32
2013-07-17,4.3165
2013-07-18,4.3182
2013-07-19,4.3175
2013-07-22,4.32
2013-07-23,4.32
2013-07-24,4.315
2013-07-25,4.3175
2013-07-26,4.32
2013-07-29,4.32
2013-07-30,4.32
2013-07-31,4.32
2013-08-01,4.32
2013-08-02,4.324
2013-08-05,4.322
2013-08-06,4.316
2013-08-07,4.3075
2013-08-08,4.3075
2013-08-09,4.3087
2013-08-12,4.305
2013-08-13,4.3025
2013-08-14,4.3062
2013-08-15,4.2975
2013-08-16,4.2975
2013-08-19,4.3015
2013-08-20,4.3007
2013-08-21,4.3
2013-08-22,4.3043
2013-08-23,4.3
2013-08-26,4.3
2013-08-27,4.3
2013-08-28,4.3046
2013-08-29,4.306
2013-08-30,4.3038
2013-09-02,4.3044
2013-09-03,4.3025
2013-09-04,4.305
2013-09-05,4.3075
2013-09-06,4.3075
2013-09-09,4.057
2013-09-10,4.048
2013-09-11,4.029
2013-09-12,4.0361
2013-09-13,4.037
2013-09-16,4.0356
2013-09-17,4.0356
2013-09-18,4.04
2013-09-19,4.0425
2013-09-20,4.0437
2013-09-23,4.0365
2013-09-24,4.03
2013-09-25,4.039
2013-09-26,4.0286
2013-09-27,4.0355
2013-09-30,4.0327
2013-10-01,4.0265
2013-10-02,4.031
2013-10-03,4.0255
2013-10-04,4.0341
2013-10-07,4.0325
2013-10-08,4.027
2013-10-09,4.0235
2013-10-10,4.03
2013-10-11,4.02
2013-10-14,4.0185
2013-10-15,4.0167
2013-10-16,4.0133
2013-10-17,4.01
2013-10-18,4.01
2013-10-21,4.012
2013-10-22,4.0081
2013-10-23,4.0015
2013-10-24,4.0035
2013-10-25,3.9767
2013-10-28,3.7972
2013-10-29,3.79
2013-10-30,3.782
2013-10-31,3.7781
2013-11-01,3.7853
2013-11-04,3.7812
2013-11-05,3.7895
2013-11-06,3.785
2013-11-07,3.782
2013-11-08,3.7775
2013-11-11,3.7765
2013-11-12,3.7885
2013-11-13,3.7826
2013-11-14,3.7813
2013-11-15,3.7775
2013-11-18,3.7975
2013-11-19,3.7975
2013-11-20,3.7937
2013-11-21,3.792
2013-11-22,3.7911
2013-11-25,3.8065
2013-11-26,3.7982
2013-11-27,3.8018
2013-11-28,3.8009
2013-11-29,3.802
2013-12-02,3.796
2013-12-03,3.79
2013-12-04,3.7862
2013-12-05,3.7877
2013-12-06,3.7888
2013-12-09,3.7919
2013-12-10,3.7859
2013-12-11,3.7825
2013-12-12,3.79
2013-12-13,3.79
2013-12-16,3.7915
2013-12-17,3.7932
2013-12-18,3.7916
2013-12-19,3.7954
2013-12-20,3.7875
2013-12-23,3.7855
2013-12-24,3.7902
2013-12-25,3.7941
2013-12-26,3.7941
2013-12-27,3.7925
2013-12-30,3.7962
2013-12-31,3.79
2014-01-01,3.795
2014-01-02,3.795
2014-01-03,3.795
2014-01-06,3.7925
2014-01-07,3.7962
2014-01-08,3.7994
2014-01-09,3.8005
2014-01-10,3.7927
2014-01-13,3.7945
2014-01-14,3.7972
2014-01-15,3.7933
2014-01-16,3.7843
2014-01-17,3.7825
2014-01-20,3.7665
2014-01-21,3.7615
2014-01-22,3.767
2014-01-23,3.7771
2014-01-24,3.7645
2014-01-27,3.765
2014-01-28,3.765
2014-01-29,3.765
2014-01-30,3.7726
2014-01-31,3.7761
2014-02-03,3.7705
2014-02-04,3.7705
2014-02-05,3.7755
2014-02-06,3.7643
2014-02-07,3.7671
2014-02-10,3.7815
2014-02-11,3.784
2014-02-12,3.7778
2014-02-13,3.789
2014-02-14,3.7915
2014-02-17,3.7872
2014-02-18,3.795
2014-02-19,3.8025
2014-02-20,3.793
2014-02-21,3.7935
2014-02-24,3.7975
2014-02-25,3.7937
2014-02-26,3.8025
2014-02-27,3.7962
2014-02-28,3.7917
2014-03-03,3.7919
2014-03-04,3.7956
2014-03-05,3.7987
2014-03-06,3.8
2014-03-07,3.8012
2014-03-10,3.8006
2014-03-11,3.8025
2014-03-12,3.7937
2014-03-13,3.7918
2014-03-14,3.8
2014-03-17,3.8075
2014-03-18,3.8075
2014-03-19,3.795
2014-03-20,3.8
2014-03-21,3.8012
2014-03-24,3.8062
2014-03-25,3.805
2014-03-26,3.8125
2014-03-27,3.8067
2014-03-28,3.8033
2014-03-31,3.8125
2014-04-01,3.815
2014-04-02,3.8125
2014-04-03,3.8157
2014-04-04,3.8125
2014-04-07,3.8012
2014-04-08,3.8054
2014-04-09,3.8132
2014-04-10,3.8087
2014-04-11,3.804
2014-04-14,3.796
2014-04-15,3.8
2014-04-16,3.8085
2014-04-17,3.795
2014-04-18,3.795
2014-04-21,3.795
2014-04-22,3.811
2014-04-23,3.8075
2014-04-24,3.8145
2014-04-25,3.8022
2014-04-28,3.8152
2014-04-29,3.7956
2014-04-30,3.795
2014-05-01,3.7905
2014-05-02,3.7905
2014-05-05,3.8
2014-05-06,3.805
2014-05-07,3.798
2014-05-08,3.801
2014-05-09,3.8149
2014-05-12,3.7987
2014-05-13,3.7935
2014-05-14,3.809
2014-05-15,3.8171
2014-05-16,3.8075
2014-05-19,3.8084
2014-05-20,3.7948
2014-05-21,3.8
2014-05-22,3.8085
2014-05-23,3.8072
2014-05-26,3.816
2014-05-27,3.7915
2014-05-28,3.8085
2014-05-29,3.7968
2014-05-30,3.7858
2014-06-02,3.7785
2014-06-03,3.8043
2014-06-04,3.8085
2014-06-05,3.8095
2014-06-06,3.8085
2014-06-09,3.325
2014-06-10,3.322
2014-06-11,3.316
2014-06-12,3.3093
2014-06-13,3.3091
2014-06-16,3.3118
2014-06-17,3.3075
2014-06-18,3.3095
2014-06-19,3.31
2014-06-20,3.31
2014-06-23,3.3184
2014-06-24,3.31
2014-06-25,3.3075
2014-06-26,3.3125
2014-06-27,3.3087
2014-06-30,3.305
2014-07-01,3.3075
2014-07-02,3.3077
2014-07-03,3.3125
2014-07-04,3.3068
2014-07-07,3.3008
2014-07-08,3.296
2014-07-09,3.2919
2014-07-10,3.2945
2014-07-11,3.294
2014-07-14,3.3074
2014-07-15,3.3095
2014-07-16,3.2972
2014-07-17,3.297
2014-07-18,3.2932
2014-07-21,3.2821
2014-07-22,3.2891
2014-07-23,3.285
2014-07-24,3.2875
2014-07-25,3.2936
2014-07-28,3.291
2014-07-29,3.2886
2014-07-30,3.3023
2014-07-31,3.3075
2014-08-01,3.31
2014-08-04,3.3
2014-08-05,3.3125
2014-08-06,3.2965
2014-08-07,3.297
2014-08-08,3.2935
2014-08-11,3.298
2014-08-12,3.2972
2014-08-13,3.301
2014-08-14,3.2941
2014-08-15,3.3025
2014-08-18,3.2983
2014-08-19,3.2925
2014-08-20,3.2864
2014-08-21,3.3025
2014-08-22,3.3025
2014-08-25,3.2975
2014-08-26,3.3025
2014-08-27,3.2925
2014-08-28,3.2951
2014-08-29,3.2975
2014-09-01,3.286
2014-09-02,3.291
2014-09-03,3.291
2014-09-04,3.295
2014-09-05,3.2826
2014-09-08,3.2925
2014-09-09,3.2925
2014-09-10,3.2926
2014-09-11,3.2818
2014-09-12,3.293
2014-09-15,3.2926
2014-09-16,3.3065
2014-09-17,3.3065
2014-09-18,3.29
2014-09-19,3.2975
2014-09-22,3.2975
2014-09-23,3.2865
2014-09-24,3.282
2014-09-25,3.2825
2014-09-26,3.2768
2014-09-29,3.2741
2014-09-30,3.2916
2014-10-01,3.2793
2014-10-02,3.2896
2014-10-03,3.3
2014-10-06,3.295
2014-10-07,3.295
2014-10-08,3.305
2014-10-09,3.2975
2014-10-10,3.2996
2014-10-13,3.29
2014-10-14,3.3031
2014-10-15,3.2965
2014-10-16,3.2886
2014-10-17,3.2835
2014-10-20,3.285
2014-10-21,3.2975
2014-10-22,3.3
2014-10-23,3.295
2014-10-24,3.2875
2014-10-27,3.2838
2014-10-28,3.295
2014-10-29,3.2903
2014-10-30,3.2762
2014-10-31,3.281
2014-11-03,3.28
2014-11-04,3.2938
2014-11-05,3.2819
2014-11-06,3.2755
2014-11-07,3.2798
2014-11-10,3.2762
2014-11-11,3.2746
2014-11-12,3.295
2014-11-13,3.295
2014-11-14,3.28
2014-11-17,3.28
2014-11-18,3.28
2014-11-19,3.2775
2014-11-20,3.2775
2014-11-21,3.2977
2014-11-24,3.3025
2014-11-25,3.2975
2014-11-26,3.2904
2014-11-27,3.2957
2014-11-28,3.3085
2014-12-01,3.2965
2014-12-02,3.3025
2014-12-03,3.2941
2014-12-04,3.2875
2014-12-05,3.285
2014-12-08,3.2975
2014-12-09,3.2975
2014-12-10,3.3007
2014-12-11,3.2928
2014-12-12,3.2975
2014-12-15,3.2975
2014-12-16,3.2975
2014-12-17,3.2996
2014-12-18,3.2996
2014-12-19,3.2996
2014-12-22,3.2975
2014-12-23,3.3112
2014-12-24,3.312
2014-12-25,3.306
2014-12-26,3.306
2014-12-29,3.302
2014-12-30,3.3066
2014-12-31,3.311
2015-01-01,3.3205
2015-01-02,3.3205
2015-01-05,3.324
2015-01-06,3.3225
2015-01-07,3.305
2015-01-08,3.3
2015-01-09,3.3075
2015-01-12,3.3
2015-01-13,3.2885
2015-01-14,3.2991
2015-01-15,3.2975
2015-01-16,3.3025
2015-01-19,3.2962
2015-01-20,3.3017
2015-01-21,3.29
2015-01-22,3.295
2015-01-23,3.2925
2015-01-26,3.2975
2015-01-27,3.3039
2015-01-28,3.2977
2015-01-29,3.305
2015-01-30,3.2875
2015-02-02,3.295
2015-02-03,3.295
2015-02-04,3.301
2015-02-05,3.3
2015-02-06,3.2925
2015-02-09,3.291
2015-02-10,3.2975
2015-02-11,3.2955
2015-02-12,3.2891
2015-02-13,3.3029
2015-02-16,3.2961
2015-02-17,3.2975
2015-02-18,3.3
2015-02-19,3.3
2015-02-20,3.295
2015-02-23,3.2925
2015-02-24,3.3
2015-02-25,3.3025
2015-02-26,3.3041
2015-02-27,3.2925
2015-03-02,3.2987
2015-03-03,3.29
2015-03-04,3.2934
2015-03-05,3.2953
2015-03-06,3.2875
2015-03-09,3.3037
2015-03-10,3.305
2015-03-11,3.3075
2015-03-12,3.31
2015-03-13,3.3025
2015-03-16,3.3112
2015-03-17,3.3112
2015-03-18,3.314
2015-03-19,3.309
2015-03-20,3.299
2015-03-23,3.303
2015-03-24,3.305
2015-03-25,3.3083
2015-03-26,3.3075
2015-03-27,3.31
2015-03-30,3.305
2015-03-31,3.2955
2015-04-01,3.299
2015-04-02,3.295
2015-04-03,3.295
2015-04-06,3.295
2015-04-07,3.3
2015-04-08,3.29
2015-04-09,3.305
2015-04-10,3.31
2015-04-13,3.3082
2015-04-14,3.3
2015-04-15,3.3
2015-04-16,3.278
2015-04-17,3.285
2015-04-20,3.295
2015-04-21,3.2955
2015-04-22,3.297
2015-04-23,3.293
2015-04-24,3.3046
2015-04-27,3.3
2015-04-28,3.29
2015-04-29,3.2875
2015-04-30,3.2975
2015-05-01,3.3062
2015-05-04,3.3062
2015-05-05,3.3
2015-05-06,3.295
2015-05-07,3.3075
2015-05-08,3.3
2015-05-11,3.3
2015-05-12,3.3
2015-05-13,3.3065
2015-05-14,3.302
2015-05-15,3.3
2015-05-18,3.2935
2015-05-19,3.2995
2015-05-20,3.2945
2015-05-21,3.31
2015-05-22,3.299
2015-05-25,3.3072
2015-05-26,3.305
2015-05-27,3.3
2015-05-28,3.3025
2015-05-29,3.295
2015-06-01,3.3
2015-06-02,3.3089
2015-06-03,3.3075
2015-06-04,3.3
2015-06-05,3.31
2015-06-08,3.3105
2015-06-09,3.3094
2015-06-10,3.3
2015-06-11,3.295
2015-06-12,3.3145
2015-06-15,3.3025
2015-06-16,3.305
2015-06-17,3.308
2015-06-18,3.31
2015-06-19,3.31
2015-06-22,3.3025
2015-06-23,3.3088
2015-06-24,3.3025
2015-06-25,3.2975
2015-06-26,3.295
2015-06-29,3.3025
2015-06-30,3.3025
2015-07-01,3.31
2015-07-02,3.3025
2015-07-03,3.3037
2015-07-06,3.3
2015-07-07,3.2988
2015-07-08,3.2925
2015-07-09,3.2966
2015-07-10,3.296
2015-07-13,3.2956
2015-07-14,3.2987
2015-07-15,3.3075
2015-07-16,3.3095
2015-07-17,3.3025
2015-07-20,3.3
2015-07-21,3.3042
2015-07-22,3.3087
2015-07-23,3.305
2015-07-24,3.3075
2015-07-27,3.31
2015-07-28,3.313
2015-07-29,3.305
2015-07-30,3.3025
2015-07-31,3.3112
2015-08-03,3.314
2015-08-04,3.3075
2015-08-05,3.31
2015-08-06,3.3132
2015-08-07,3.31
2015-08-10,3.3134
2015-08-11,3.3095
2015-08-12,3.3075
2015-08-13,3.3075
2015-08-14,3.3116
2015-08-17,3.31
2015-08-18,3.313
2015-08-19,3.31
2015-08-20,3.3173
2015-08-21,3.321
2015-08-24,3.3199
2015-08-25,3.3321
2015-08-26,3.326
2015-08-27,3.33
2015-08-28,3.326
2015-08-31,3.33
2015-09-01,3.335
2015-09-02,3.335
2015-09-03,3.3358
2015-09-04,3.335
2015-09-07,3.334
2015-09-08,3.339
2015-09-09,3.342
2015-09-10,3.3425
2015-09-11,3.3436
2015-09-14,3.3444
2015-09-15,3.3439
2015-09-16,3.3465
2015-09-17,3.3465
2015-09-18,3.3415
2015-09-21,3.3257
2015-09-22,3.33
2015-09-23,3.3289
2015-09-24,3.32
2015-09-25,3.3225
2015-09-28,3.325
2015-09-29,3.325
2015-09-30,3.325
2015-10-01,3.3225
2015-10-02,3.3247
2015-10-05,3.3125
2015-10-06,3.31
2015-10-07,3.3134
2015-10-08,3.305
2015-10-09,3.3106
2015-10-12,3.31
2015-10-13,3.3025
2015-10-14,3.305
2015-10-15,3.3
2015-10-16,3.3
2015-10-19,3.308
2015-10-20,3.31
2015-10-21,3.3
2015-10-22,3.3
2015-10-23,3.2925
2015-10-26,3.29
2015-10-27,3.29
2015-10-28,3.3037
2015-10-29,3.3
2015-10-30,3.3
2015-11-02,3.3025
2015-11-03,3.3025
2015-11-04,3.3
2015-11-05,3.3005
2015-11-06,3.3025
2015-11-09,3.3025
2015-11-10,3.3099
2015-11-11,3.315
2015-11-12,3.31
2015-11-13,3.32
2015-11-16,3.326
2015-11-17,3.326
2015-11-18,3.3225
2015-11-19,3.3318
2015-11-20,3.3225
2015-11-23,3.3325
2015-11-24,3.326
2015-11-25,3.33
2015-11-26,3.323
2015-11-27,3.315
2015-11-30,3.3175
2015-12-01,3.3116
2015-12-02,3.325
2015-12-03,3.3358
2015-12-04,3.34
2015-12-07,3.33
2015-12-08,3.34
2015-12-09,3.35
2015-12-10,3.36
2015-12-11,3.3525
2015-12-14,3.3555
2015-12-15,3.34
2015-12-16,3.3621
2015-12-17,3.3825
2015-12-18,3.425
2015-12-21,3.4715
2015-12-22,3.5042
2015-12-23,3.53
2015-12-24,3.5316
2015-12-25,3.535
2015-12-28,3.535
2015-12-29,3.5505
2015-12-30,3.5525
2015-12-31,3.5475
2016-01-01,3.555
2016-01-04,3.555
2016-01-05,3.5575
2016-01-06,3.554
2016-01-07,3.56
2016-01-08,3.56
2016-01-11,3.5545
2016-01-12,3.5539
2016-01-13,3.5505
2016-01-14,3.5579
2016-01-15,3.5543
2016-01-18,3.5547
2016-01-19,3.5598
2016-01-20,3.5551
2016-01-21,3.554
2016-01-22,3.56
2016-01-25,3.5545
2016-01-26,3.56
2016-01-27,3.561
2016-01-28,3.56
2016-01-29,3.5551
2016-02-01,3.557
2016-02-02,3.557
2016-02-03,3.555
2016-02-04,3.5588
2016-02-05,3.56
2016-02-08,3.5616
2016-02-09,3.558
2016-02-10,3.5598
2016-02-11,3.5541
2016-02-12,3.555
2016-02-15,3.5476
2016-02-16,3.5483
2016-02-17,3.5543
2016-02-18,4.035
2016-02-19,4.0303
2016-02-22,4.035
2016-02-23,4.0316
2016-02-24,4.0507
2016-02-25,4.0547
2016-02-26,4.0555
2016-02-29,4.0501
2016-03-01,4.0594
2016-03-02,4.0577
2016-03-03,4.06
2016-03-04,4.0601
2016-03-07,4.064
2016-03-08,4.0625
2016-03-09,4.0606
2016-03-10,4.0601
2016-03-11,4.0606
2016-03-14,4.0613
2016-03-15,4.0625
2016-03-16,4.0645
2016-03-17,4.0647
2016-03-18,4.0648
2016-03-21,4.066
2016-03-22,4.066
2016-03-23,4.065
2016-03-24,4.0674
2016-03-25,4.0674
2016-03-28,4.0674
2016-03-29,4.065
2016-03-30,4.0625
2016-03-31,4.065
2016-04-01,4.065
2016-04-04,4.0625
2016-04-05,4.065
2016-04-06,4.0653
2016-04-07,4.0661
2016-04-08,4.065
2016-04-11,4.0624
2016-04-12,4.0625
2016-04-13,4.0625
2016-04-14,4.0618
2016-04-15,4.065
2016-04-18,4.065
2016-04-19,4.0652
2016-04-20,4.0626
2016-04-21,4.065
2016-04-22,4.065
2016-04-25,4.0625
2016-04-26,4.065
2016-04-27,4.0655
2016-04-28,4.065
2016-04-29,4.065
2016-05-02,4.0655
2016-05-03,4.065
2016-05-04,4.0625
2016-05-05,4.0633
2016-05-06,4.0638
2016-05-09,4.065
2016-05-10,4.0611
2016-05-11,4.0599
2016-05-12,4.0603
2016-05-13,4.0607
2016-05-16,4.065
2016-05-17,4.066
2016-05-18,4.065
2016-05-19,4.065
2016-05-20,4.0812
2016-05-23,4.0775
2016-05-24,4.0936
2016-05-25,4.1081
2016-05-26,4.1125
2016-05-27,4.095
2016-05-30,4.0975
2016-05-31,4.097
2016-06-01,4.1
2016-06-02,4.0958
2016-06-03,4.0965
2016-06-06,4.0926
2016-06-07,4.0915
2016-06-08,4.0886
2016-06-09,4.0925
2016-06-10,4.0869
2016-06-13,4.095
2016-06-14,4.0986
2016-06-15,4.11
2016-06-16,4.1037
2016-06-17,4.1046
2016-06-20,4.105
2016-06-21,4.1091
2016-06-22,4.11
2016-06-23,4.0995
2016-06-24,4.0995
2016-06-27,4.1042
2016-06-28,4.1185
2016-06-29,4.1131
2016-06-30,4.1116
2016-07-01,4.1138
2016-07-04,4.56
2016-07-05,4.5605
2016-07-06,4.5715
2016-07-07,4.5775
2016-07-08,4.5821
2016-07-11,4.576
2016-07-12,4.5758
2016-07-13,4.5806
2016-07-14,4.585
2016-07-15,4.589
2016-07-18,4.59
2016-07-19,4.59
2016-07-20,4.5875
2016-07-21,4.5908
2016-07-22,4.5854
2016-07-25,4.5849
2016-07-26,4.5895
2016-07-27,4.59
2016-07-28,4.5882
2016-07-29,4.5874
2016-08-01,4.585
2016-08-02,4.585
2016-08-03,4.5836
2016-08-04,4.5828
2016-08-05,4.5874
2016-08-08,4.586
2016-08-09,4.5906
2016-08-10,4.59
2016-08-11,4.59
2016-08-12,4.5875
2016-08-15,4.5916
2016-08-16,4.5912
2016-08-17,4.5911
2016-08-18,4.5937
2016-08-19,4.595
2016-08-22,4.595
2016-08-23,4.594
2016-08-24,4.595
2016-08-25,4.5925
2016-08-26,4.5925
2016-08-29,4.595
2016-08-30,4.595
2016-08-31,4.595
2016-09-01,4.595
2016-09-02,4.5925
2016-09-05,4.5925
2016-09-06,4.595
2016-09-07,4.595
2016-09-08,4.595
2016-09-09,4.59
2016-09-12,4.5906
2016-09-13,4.591
2016-09-14,4.595
2016-09-15,4.595
2016-09-16,4.595
2016-09-19,4.595
2016-09-20,4.5951
2016-09-21,4.625
2016-09-22,4.6275
2016-09-23,4.6343
2016-09-26,4.6389
2016-09-27,4.6369
2016-09-28,4.6399
2016-09-29,4.6439
2016-09-30,4.6683
2016-10-03,5.0725
2016-10-04,5.0935
2016-10-05,5.0975
2016-10-06,5.1025
2016-10-07,5.105
2016-10-10,5.11
2016-10-11,5.1065
2016-10-12,5.1069
2016-10-13,5.1122
2016-10-14,5.11
2016-10-17,5.1115
2016-10-18,5.11
2016-10-19,5.1134
2016-10-20,5.1125
2016-10-21,5.115
2016-10-24,5.1247
2016-10-25,5.1178
2016-10-26,5.1155
2016-10-27,5.1162
2016-10-28,5.1163
2016-10-31,5.1103
2016-11-01,5.1086
2016-11-02,5.1143
2016-11-03,5.1143
2016-11-04,5.1118
2016-11-07,5.1136
2016-11-08,5.115
2016-11-09,5.1173
2016-11-10,5.2018
2016-11-11,5.2359
2016-11-14,5.247
2016-11-15,5.285
2016-11-16,5.31
2016-11-17,5.35
2016-11-18,5.38
2016-11-21,5.595
2016-11-22,5.595
2016-11-23,5.575
2016-11-24,5.5725
2016-11-25,5.5762
2016-11-28,5.575
2016-11-29,5.5677
2016-11-30,5.5738
2016-12-01,5.5735
2016-12-02,5.585
2016-12-05,5.589
2016-12-06,5.595
2016-12-07,5.6035
2016-12-08,5.5983
2016-12-09,5.605
2016-12-12,5.6013
2016-12-13,5.6013
2016-12-14,5.6019
2016-12-15,5.6049
2016-12-16,5.6274
2016-12-19,6.0803
2016-12-20,6.0925
2016-12-21,6.1025
2016-12-22,6.1075
2016-12-23,6.105
2016-12-26,6.11
2016-12-27,6.11
2016-12-28,6.11
2016-12-29,6.11
2016-12-30,6.1066
2017-01-02,6.11
2017-01-03,6.11
2017-01-04,6.115
2017-01-05,6.12
2017-01-06,6.12
2017-01-09,6.12
2017-01-10,6.115
2017-01-11,6.115
2017-01-12,6.115
2017-01-13,6.115
2017-01-16,6.1175
2017-01-17,6.1186
2017-01-18,6.1276
2017-01-19,6.13
2017-01-20,6.1375
2017-01-23,6.1386
2017-01-24,6.1424
2017-01-25,6.1475
2017-01-26,6.1475
2017-01-27,6.1475
2017-01-30,6.1537
2017-01-31,6.1525
2017-02-01,6.16
2017-02-02,6.1615
2017-02-03,6.1625
2017-02-06,6.1703
2017-02-07,6.1703
2017-02-08,6.1695
2017-02-09,6.1823
2017-02-10,6.1958
2017-02-13,6.585
2017-02-14,6.5871
2017-02-15,6.588
2017-02-16,6.595
2017-02-17,6.595
2017-02-20,6.595
2017-02-21,6.5965
2017-02-22,6.595
2017-02-23,6.59
2017-02-24,6.6
2017-02-27,6.603
2017-02-28,6.605
2017-03-01,6.6058
2017-03-02,6.6066
2017-03-03,6.6103
2017-03-06,6.6075
2017-03-07,6.6076
2017-03-08,6.6072
2017-03-09,6.605
2017-03-10,6.6064
2017-03-13,6.61
2017-03-14,6.62
2017-03-15,6.62
2017-03-16,6.6267
2017-03-17,6.6336
2017-03-20,6.6355
2017-03-21,6.6355
2017-03-22,6.6425
2017-03-23,6.6438
2017-03-24,6.6438
2017-03-27,6.6325
2017-03-28,6.6413
2017-03-29,6.66
2017-03-30,6.6693
2017-03-31,6.6796
2017-04-03,6.835
2017-04-04,6.8412
2017-04-05,6.849
2017-04-06,6.8448
2017-04-07,6.8524
2017-04-10,6.8492
2017-04-11,6.855
2017-04-12,6.8559
2017-04-13,6.86
2017-04-14,6.86
2017-04-17,6.86
2017-04-18,6.87
2017-04-19,6.8725
2017-04-20,6.8725
2017-04-21,6.88
2017-04-24,6.88
2017-04-25,6.886
2017-04-26,6.8929
2017-04-27,6.9013
2017-04-28,6.8925
2017-05-01,6.8935
2017-05-02,6.8935
2017-05-03,6.8954
2017-05-04,6.8967
2017-05-05,6.8952
2017-05-08,6.8947
2017-05-09,6.89
2017-05-10,6.8898
2017-05-11,6.893
2017-05-12,6.895
2017-05-15,6.8906
2017-05-16,6.8885
2017-05-17,6.8876
2017-05-18,6.8858
2017-05-19,6.8896
2017-05-22,7.0979
2017-05-23,7.1145
2017-05-24,7.12
2017-05-25,7.13
2017-05-26,7.1335
2017-05-29,7.14
2017-05-30,7.145
2017-05-31,7.1471
2017-06-01,7.15
2017-06-02,7.15
2017-06-05,7.1556
2017-06-06,7.155
2017-06-07,7.16
2017-06-08,7.1585
2017-06-09,7.1648
2017-06-12,7.1661
2017-06-13,7.19
2017-06-14,7.1875
2017-06-15,7.1873
2017-06-16,7.185
2017-06-19,7.1899
2017-06-20,7.1929
2017-06-21,7.1975
2017-06-22,7.202
2017-06-23,7.21
2017-06-26,7.3465
2017-06-27,7.34
2017-06-28,7.33
2017-06-29,7.3492
2017-06-30,7.36
2017-07-03,7.365
2017-07-04,7.3696
2017-07-05,7.37
2017-07-06,7.37
2017-07-07,7.3691
2017-07-10,7.365
2017-07-11,7.3527
2017-07-12,7.3525
2017-07-13,7.3425
2017-07-14,7.355
2017-07-17,7.3612
2017-07-18,7.365
2017-07-19,7.3675
2017-07-20,7.3675
2017-07-21,7.3751
2017-07-24,7.3675
2017-07-25,7.3725
2017-07-26,7.3725
2017-07-27,7.3763
2017-07-28,7.376
2017-07-31,7.3811
2017-08-01,7.3775
2017-08-02,7.375
2017-08-03,7.3715
2017-08-04,7.373
2017-08-07,7.3775
2017-08-08,7.3725
2017-08-09,7.378
2017-08-10,7.381
2017-08-11,7.3811
2017-08-14,7.375
2017-08-15,7.3721
2017-08-16,7.3785
2017-08-17,7.3781
2017-08-18,7.3762
2017-08-21,7.3799
2017-08-22,7.3775
2017-08-23,7.375
2017-08-24,7.3725
2017-08-25,7.37
2017-08-28,7.3725
2017-08-29,7.3709
2017-08-30,7.3708
2017-08-31,7.3825
2017-09-01,7.378
2017-09-04,7.3768
2017-09-05,7.3725
2017-09-06,7.3726
2017-09-07,7.3775
2017-09-08,7.369
2017-09-11,7.375
2017-09-12,7.3725
2017-09-13,7.375
2017-09-14,7.37
2017-09-15,7.3765
2017-09-18,7.375
2017-09-19,7.376
2017-09-20,7.3775
2017-09-21,7.3801
2017-09-22,7.3767
2017-09-25,7.3818
2017-09-26,7.3784
2017-09-27,7.385
2017-09-28,7.38
2017-09-29,7.3794
2017-10-02,7.3725
2017-10-03,7.3725
2017-10-04,7.3675
2017-10-05,7.3762
2017-10-06,7.3757
2017-10-09,7.3755
2017-10-10,7.3773
2017-10-11,7.3798
2017-10-12,7.382
2017-10-13,7.3866
2017-10-16,7.38
2017-10-17,7.3765
2017-10-18,7.3825
2017-10-19,7.3875
2017-10-20,7.385
2017-10-23,7.385
2017-10-24,7.3763
2017-10-25,7.3805
2017-10-26,7.3836
2017-10-27,7.38
2017-10-30,7.3725
2017-10-31,7.3825
2017-11-01,7.375
2017-11-02,7.3744
2017-11-03,7.3744
2017-11-06,7.3798
2017-11-07,7.3831
2017-11-08,7.3775
2017-11-09,7.3838
2017-11-10,7.3834
2017-11-13,7.3825
2017-11-14,7.377
2017-11-15,7.38
2017-11-16,7.3806
2017-11-17,7.3796
2017-11-20,7.3767
2017-11-21,7.3767
2017-11-22,7.3735
2017-11-23,7.3714
2017-11-24,7.3832
2017-11-27,7.3825
2017-11-28,7.3824
2017-11-29,7.3825
2017-11-30,7.3875
2017-12-01,7.3911
2017-12-04,7.3855
2017-12-05,7.388
2017-12-06,7.3875
2017-12-07,7.3925
2017-12-08,7.3916
2017-12-11,7.401
2017-12-12,7.4275
2017-12-13,7.4275
2017-12-14,7.45
2017-12-15,7.46
2017-12-18,7.595
2017-12-19,7.6004
2017-12-20,7.6069
2017-12-21,7.6109
2017-12-22,7.6177
2017-12-25,7.621
2017-12-26,7.621
2017-12-27,7.624
2017-12-28,7.625
2017-12-29,7.6241
2018-01-01,7.6311
2018-01-02,7.6311
2018-01-03,7.6275
2018-01-04,7.625
2018-01-05,7.625
2018-01-08,7.6292
2018-01-09,7.6282
2018-01-10,7.63
2018-01-11,7.6298
2018-01-12,7.6299
2018-01-15,7.6325
2018-01-16,7.6343
2018-01-17,7.6287
2018-01-18,7.6334
2018-01-19,7.6318
2018-01-22,7.635
2018-01-23,7.6428
2018-01-24,7.645
2018-01-25,7.6475
2018-01-26,7.6441
2018-01-29,7.645
2018-01-30,7.655
2018-01-31,7.6625
2018-02-01,7.66
2018-02-02,7.6643
2018-02-05,7.665
2018-02-06,7.665
2018-02-07,7.675
2018-02-08,7.6862
2018-02-09,7.7056
2018-02-12,7.84
2018-02-13,7.84
2018-02-14,7.832
2018-02-15,7.835
2018-02-16,7.8325
2018-02-19,7.825
2018-02-20,7.8125
2018-02-21,7.8312
2018-02-22,7.83
2018-02-23,7.8325
2018-02-26,7.825
2018-02-27,7.8331
2018-02-28,7.8315
2018-03-01,7.8294
2018-03-02,7.8244
2018-03-05,7.8316
2018-03-06,7.8225
2018-03-07,7.8299
2018-03-08,7.83
2018-03-09,7.8396
2018-03-12,7.8395
2018-03-13,7.825
2018-03-14,7.83
2018-03-15,7.83
2018-03-16,7.825
2018-03-19,7.8325
2018-03-20,7.8325
2018-03-21,7.8382
2018-03-22,7.8414
2018-03-23,7.8425
2018-03-26,7.8425
2018-03-27,7.8463
2018-03-28,7.8483
2018-03-29,7.8503
2018-03-30,7.8503
2018-04-02,7.8503
2018-04-03,7.8493
2018-04-04,7.8475
2018-04-05,7.8445
2018-04-06,7.8525
2018-04-09,7.8441
2018-04-10,7.846
2018-04-11,7.8407
2018-04-12,7.8376
2018-04-13,7.8445
2018-04-16,7.8404
2018-04-17,7.8456
2018-04-18,7.835
2018-04-19,7.835
2018-04-20,7.8254
2018-04-23,7.8303
2018-04-24,7.825
2018-04-25,7.8325
2018-04-26,7.8375
2018-04-27,7.8405
2018-04-30,7.8455
2018-05-01,7.8508
2018-05-02,7.8508
2018-05-03,7.8448
2018-05-04,7.8428
2018-05-07,7.8428
2018-05-08,7.835
2018-05-09,7.835
2018-05-10,7.8425
2018-05-11,7.8375
2018-05-14,7.8359
2018-05-15,7.8475
2018-05-16,7.8488
2018-05-17,7.8475
2018-05-18,7.86
2018-05-21,7.8676
2018-05-22,7.8558
2018-05-23,7.8602
2018-05-24,7.862
2018-05-25,7.8612
2018-05-28,7.8662
2018-05-29,7.8585
2018-05-30,7.8587
2018-05-31,7.86
2018-06-01,7.855
2018-06-04,7.85
2018-06-05,7.8529
2018-06-06,7.8546
2018-06-07,7.864
2018-06-08,7.8729
2018-06-11,7.87
2018-06-12,7.8721
2018-06-13,7.88
2018-06-14,7.8788
2018-06-15,7.891
2018-06-18,7.8933
2018-06-19,7.9003
2018-06-20,7.8975
2018-06-21,7.9
2018-06-22,7.915
2018-06-25,8.07
2018-06-26,8.08
2018-06-27,8.09
2018-06-28,8.1
2018-06-29,8.103
2018-07-02,8.1004
2018-07-03,8.1
2018-07-04,8.108
2018-07-05,8.1079
2018-07-06,8.1083
2018-07-09,8.1068
2018-07-10,8.1075
2018-07-11,8.1025
2018-07-12,8.11
2018-07-13,8.105
2018-07-16,8.105
2018-07-17,8.1067
2018-07-18,8.11
2018-07-19,8.11
2018-07-20,8.105
2018-07-23,8.1101
2018-07-24,8.1068
2018-07-25,8.1025
2018-07-26,8.0805
2018-07-27,8.095
2018-07-30,8.1
2018-07-31,8.105
2018-08-01,8.1
2018-08-02,8.1
2018-08-03,8.11
2018-08-06,8.105
2018-08-07,8.1075
2018-08-08,8.1075
2018-08-09,8.1002
2018-08-10,8.1041
2018-08-13,8.1035
2018-08-14,8.105
2018-08-15,8.1
2018-08-16,8.105
2018-08-17,8.11
2018-08-20,8.11
2018-08-21,8.1064
2018-08-22,8.1075
2018-08-23,8.11
2018-08-24,8.1064
2018-08-27,8.112
2018-08-28,8.11
2018-08-29,8.1043
2018-08-30,8.11
2018-08-31,8.1038
2018-09-03,8.1086
2018-09-04,8.1018
2018-09-05,8.0988
2018-09-06,8.1075
2018-09-07,8.104
2018-09-10,8.1015
2018-09-11,8.1149
2018-09-12,8.115
2018-09-13,8.1109
2018-09-14,8.1195
2018-09-17,8.12
2018-09-18,8.1165
2018-09-19,8.12
2018-09-20,8.1225
2018-09-21,8.1227
2018-09-24,8.12
2018-09-25,8.12
2018-09-26,8.12
2018-09-27,8.1225
2018-09-28,8.115
2018-10-01,8.12
2018-10-02,8.115
2018-10-03,8.11
2018-10-04,8.115
2018-10-05,8.1125
2018-10-08,8.1125
2018-10-09,8.112
2018-10-10,8.1122
2018-10-11,8.1195
2018-10-12,8.1154
2018-10-15,8.1134
2018-10-16,8.12
2018-10-17,8.115
2018-10-18,8.115
2018-10-19,8.115
2018-10-22,8.1106
2018-10-23,8.1086
2018-10-24,8.115
2018-10-25,8.1125
2018-10-26,8.1275
2018-10-29,8.1215
2018-10-30,8.14
2018-10-31,8.1539
2018-11-01,8.1675
2018-11-02,8.1724
2018-11-05,8.1724
2018-11-06,8.1651
2018-11-07,8.165
2018-11-08,8.175
2018-11-09,8.1825
2018-11-12,8.1887
2018-11-13,8.19
2018-11-14,8.1878
2018-11-15,8.1923
2018-11-16,8.205
2018-11-19,8.3177
2018-11-20,8.3177
2018-11-21,8.3166
2018-11-22,8.3107
2018-11-23,8.3158
2018-11-26,8.32
2018-11-27,8.32
2018-11-28,8.335
2018-11-29,8.345
2018-11-30,8.3363
2018-12-03,8.3328
2018-12-04,8.33
2018-12-05,8.3438
2018-12-06,8.34
2018-12-07,8.335
2018-12-10,8.3472
2018-12-11,8.3411
2018-12-12,8.355
2018-12-13,8.355
2018-12-14,8.35
2018-12-17,8.35
2018-12-18,8.3525
2018-12-19,8.365
2018-12-20,8.37
2018-12-21,8.3837
2018-12-24,8.5575
2018-12-25,8.5825
2018-12-26,8.5825
2018-12-27,8.575
2018-12-28,8.5892
2018-12-31,8.5956
2019-01-01,8.5897
2019-01-02,8.5897
2019-01-03,8.5988
2019-01-04,8.5938
2019-01-07,8.59
2019-01-08,8.5875
2019-01-09,8.5856
2019-01-10,8.585
2019-01-11,8.5841
2019-01-14,8.595
2019-01-15,8.595
2019-01-16,8.595
2019-01-17,8.5925
2019-01-18,8.5831
2019-01-21,8.5925
2019-01-22,8.6
2019-01-23,8.595
2019-01-24,8.5996
2019-01-25,8.5963
2019-01-28,8.595
2019-01-29,8.5944
2019-01-30,8.59
2019-01-31,8.5918
2019-02-01,8.595
2019-02-04,8.5875
2019-02-05,8.5875
2019-02-06,8.586
2019-02-07,8.585
2019-02-08,8.585
2019-02-11,8.579
2019-02-12,8.5735
2019-02-13,8.5685
2019-02-14,8.561
2019-02-15,8.5575
2019-02-18,8.56
2019-02-19,8.5642
2019-02-20,8.5475
2019-02-21,8.535
2019-02-22,8.5399
2019-02-25,8.535
2019-02-26,8.5408
2019-02-27,8.5354
2019-02-28,8.5365
2019-03-01,8.535
2019-03-04,8.5339
2019-03-05,8.5325
2019-03-06,8.52
2019-03-07,8.5265
2019-03-08,8.526
2019-03-11,8.526
2019-03-12,8.52
2019-03-13,8.5125
2019-03-14,8.5151
2019-03-15,8.5156
2019-03-18,8.515
2019-03-19,8.515
2019-03-20,8.5137
2019-03-21,8.5175
2019-03-22,8.5112
2019-03-25,8.5125
2019-03-26,8.5138
2019-03-27,8.5137
2019-03-28,8.51
2019-03-29,8.5099
2019-04-01,8.515
2019-04-02,8.51
2019-04-03,8.4962
2019-04-04,8.5
2019-04-05,8.5
2019-04-08,8.491
2019-04-09,8.4975
2019-04-10,8.4925
2019-04-11,8.4925
2019-04-12,8.4925
2019-04-15,8.4925
2019-04-16,8.495
2019-04-17,8.4925
2019-04-18,8.497
2019-04-19,8.497
2019-04-22,8.497
2019-04-23,8.495
2019-04-24,8.4975
2019-04-25,8.5
2019-04-26,8.5021
2019-04-29,8.5043
2019-04-30,8.5
2019-05-01,8.5
2019-05-02,8.5
2019-05-03,8.5055
2019-05-06,8.5125
2019-05-07,8.5075
2019-05-08,8.5087
2019-05-09,8.511
2019-05-10,8.5043
2019-05-13,8.5062
2019-05-14,8.5061
2019-05-15,8.5075
2019-05-16,8.5075
2019-05-17,8.505
2019-05-20,8.504
2019-05-21,8.5075
2019-05-22,8.5066
2019-05-23,8.5037
2019-05-24,8.5035
2019-05-27,8.5075
2019-05-28,8.5075
2019-05-29,8.5075
2019-05-30,8.5071
2019-05-31,8.5075
2019-06-03,8.5078
2019-06-04,8.5114
2019-06-05,8.527
2019-06-06,8.5143
2019-06-07,8.5139
2019-06-10,8.5108
2019-06-11,8.51
2019-06-12,8.5125
2019-06-13,8.5116
2019-06-14,8.5105
2019-06-17,8.5105
2019-06-18,8.5098
2019-06-19,8.5088
2019-06-20,8.505
2019-06-21,8.5043
2019-06-24,8.5039
2019-06-25,8.4993
2019-06-26,8.4951
2019-06-27,8.495
2019-06-28,8.488
2019-07-01,8.4887
2019-07-02,8.485
2019-07-03,8.475
2019-07-04,8.47
2019-07-05,8.4749
2019-07-08,8.475
2019-07-09,8.4787
2019-07-10,8.4763
2019-07-11,8.48
2019-07-12,8.4725
2019-07-15,8.475
2019-07-16,8.4725
2019-07-17,8.4725
2019-07-18,8.475
2019-07-19,8.475
2019-07-22,8.4775
2019-07-23,8.4775
2019-07-24,8.475
2019-07-25,8.4775
2019-07-26,8.474
2019-07-29,8.47
2019-07-30,8.4675
2019-07-31,8.465
2019-08-01,8.4589
2019-08-02,8.4575
2019-08-05,8.4565
2019-08-06,8.4575
2019-08-07,8.4537
2019-08-08,8.4525
2019-08-09,8.449
2019-08-12,8.445
2019-08-13,8.4405
2019-08-14,8.4355
2019-08-15,8.4325
2019-08-16,8.4262
2019-08-19,8.28
2019-08-20,8.285
2019-08-21,8.2825
2019-08-22,8.282
2019-08-23,8.2785
2019-08-26,8.2775
2019-08-27,8.275
2019-08-28,8.275
2019-08-29,8.2725
2019-08-30,8.2625
2019-09-02,8.26
2019-09-03,8.2525
2019-09-04,8.24
2019-09-05,8.235
2019-09-06,8.223
2019-09-09,8.2225
2019-09-10,8.2225
2019-09-11,8.2175
2019-09-12,8.21
2019-09-13,8.207
2019-09-16,8.2
2019-09-17,8.2
2019-09-18,8.1985
2019-09-19,8.195
2019-09-20,8.19
2019-09-23,8.185
2019-09-24,8.1825
2019-09-25,8.1675
2019-09-26,8.1625
2019-09-27,8.1312
2019-09-30,8.04
2019-10-01,8.0275
2019-10-02,8.015
2019-10-03,8.015
2019-10-04,8.0075
2019-10-07,8.005
2019-10-08,8.0025
2019-10-09,8.0012
2019-10-10,8.005
2019-10-11,8.005
2019-10-14,8.0025
2019-10-15,7.9987
2019-10-16,7.9975
2019-10-17,7.9975
2019-10-18,7.995
2019-10-21,7.9962
2019-10-22,7.9931
2019-10-23,7.9975
2019-10-24,7.9935
2019-10-25,7.9915
2019-10-28,7.9857
2019-10-29,7.985
2019-10-30,7.98
2019-10-31,7.9705
2019-11-01,7.9625
2019-11-04,7.96
2019-11-05,7.955
2019-11-06,7.9525
2019-11-07,7.947
2019-11-08,7.945
2019-11-11,7.945
2019-11-12,7.9412
2019-11-13,7.9325
2019-11-14,7.9212
2019-11-15,7.8913
2019-11-18,7.8025
2019-11-19,7.8025
2019-11-20,7.795
2019-11-21,7.7925
2019-11-22,7.79
2019-11-25,7.7875
2019-11-26,7.7837
2019-11-27,7.785
2019-11-28,7.7825
2019-11-29,7.7812
2019-12-02,7.7804
2019-12-03,7.7802
2019-12-04,7.7801
2019-12-05,7.775
2019-12-06,7.7725
2019-12-09,7.771
2019-12-10,7.746
2019-12-11,7.75
2019-12-12,7.7425
2019-12-13,7.7425
2019-12-16,7.7412
2019-12-17,7.7401
2019-12-18,7.73
2019-12-19,7.72
2019-12-20,7.7095
2019-12-23,7.58
2019-12-24,7.5675
2019-12-25,7.565
2019-12-26,7.565
2019-12-27,7.5625
2019-12-30,7.5615
2019-12-31,7.5555
2020-01-01,7.555
2020-01-02,7.555
2020-01-03,7.5525
2020-01-06,7.5495
2020-01-07,7.5475
2020-01-08,7.545
2020-01-09,7.5425
2020-01-10,7.5425
2020-01-13,7.5402
2020-01-14,7.5381
2020-01-15,7.5375
2020-01-16,7.53
2020-01-17,7.525
2020-01-20,7.53
2020-01-21,7.525
2020-01-22,7.5225
2020-01-23,7.5215
2020-01-24,7.5225
2020-01-27,7.5202
2020-01-28,7.51
2020-01-29,7.5065
2020-01-30,7.5025
2020-01-31,7.5002
2020-02-03,7.4951
2020-02-04,7.4951
2020-02-05,7.4937
2020-02-06,7.4925
2020-02-07,7.4915
2020-02-10,7.4892
2020-02-11,7.4875
2020-02-12,7.4837
2020-02-13,7.4812
2020-02-14,7.45
2020-02-17,7.33
2020-02-18,7.315
2020-02-19,7.31
2020-02-20,7.305
2020-02-21,7.3012
2020-02-24,7.303
2020-02-25,7.3015
2020-02-26,7.3
2020-02-27,7.295
2020-02-28,7.295
2020-03-02,7.2925
2020-03-03,7.2812
2020-03-04,7.265
2020-03-05,7.2525
2020-03-06,7.2412
2020-03-09,7.235
2020-03-10,7.2275
2020-03-11,7.2262
2020-03-12,7.2175
2020-03-13,7.2187
2020-03-16,7.217
2020-03-17,7.217
2020-03-18,7.21
2020-03-19,7.2075
2020-03-20,7.205
2020-03-23,7.2025
2020-03-24,6.815
2020-03-25,6.785
2020-03-26,6.7675
2020-03-27,6.7587
2020-03-30,6.7487
2020-03-31,6.74
2020-04-01,6.71
2020-04-02,6.7025
2020-04-03,6.7
2020-04-06,6.69
2020-04-07,6.685
2020-04-08,6.6775
2020-04-09,6.6487
2020-04-10,6.6487
2020-04-13,6.6487
2020-04-14,6.6418
2020-04-15,6.6385
2020-04-16,6.6292
2020-04-17,6.6196
2020-04-20,6.6142
2020-04-21,6.6115
2020-04-22,6.607
2020-04-23,6.2725
2020-04-24,6.2662
2020-04-27,6.2645
2020-04-28,6.2607
2020-04-29,6.2592
2020-04-30,6.256
2020-05-01,6.2475
2020-05-04,6.2475
2020-05-05,6.245
2020-05-06,6.2425
2020-05-07,6.241
2020-05-08,6.2395
2020-05-11,6.2357
2020-05-12,6.2315
2020-05-13,6.2277
2020-05-14,6.196
2020-05-15,6.1772
2020-05-18,5.78
2020-05-19,5.7775
2020-05-20,5.7727
2020-05-21,5.7688
2020-05-22,5.7644
2020-05-25,5.7622
2020-05-26,5.755
2020-05-27,5.7525
2020-05-28,5.7482
2020-05-29,5.7441
2020-06-01,5.7395
2020-06-02,5.7347
2020-06-03,5.7325
2020-06-04,5.7286
2020-06-05,5.7229
2020-06-08,5.7089
2020-06-09,5.696
2020-06-10,5.6924
2020-06-11,5.685
2020-06-12,5.681
2020-06-15,5.6765
2020-06-16,5.673
2020-06-17,5.671
2020-06-18,5.6655
2020-06-19,5.661
2020-06-22,5.656
2020-06-23,5.655
2020-06-24,5.6505
2020-06-25,5.6452
2020-06-26,5.6101
2020-06-29,5.2975
2020-06-30,5.2887
2020-07-01,5.2843
2020-07-02,5.2665
2020-07-03,5.26
2020-07-06,5.2562
2020-07-07,5.255
2020-07-08,5.2505
2020-07-09,5.2457
2020-07-10,5.243
2020-07-13,5.2385
2020-07-14,5.2372
2020-07-15,5.235
2020-07-16,5.2305
2020-07-17,5.2292
2020-07-20,5.225
2020-07-21,5.2225
2020-07-22,5.219
2020-07-23,5.2175
2020-07-24,5.2075
2020-07-27,5.204
2020-07-28,5.2042
2020-07-29,5.2
2020-07-30,5.1975
2020-07-31,5.195
2020-08-03,5.1925
2020-08-04,5.1877
2020-08-05,5.184
2020-08-06,5.178
2020-08-07,5.174
2020-08-10,5.1702
2020-08-11,5.1687
2020-08-12,5.1668
2020-08-13,5.1359
2020-08-14,5.1292
2020-08-17,4.8036
2020-08-18,4.797
2020-08-19,4.7935
2020-08-20,4.7895
2020-08-21,4.7875
2020-08-24,4.7845
2020-08-25,4.7792
2020-08-26,4.7775
2020-08-27,4.775
2020-08-28,4.7725
2020-08-31,4.769
2020-09-01,4.7677
2020-09-02,4.764
2020-09-03,4.762
2020-09-04,4.7585
2020-09-07,4.7602
2020-09-08,4.7576
2020-09-09,4.753
2020-09-10,4.7522
2020-09-11,4.7512
2020-09-14,4.7507
2020-09-15,4.746
2020-09-16,4.7422
2020-09-17,4.7422
2020-09-18,4.7415
2020-09-21,4.7367
2020-09-22,4.7335
2020-09-23,4.7325
2020-09-24,4.729
2020-09-25,4.7275
2020-09-28,4.5605
2020-09-29,4.55
2020-09-30,4.5495
2020-10-01,4.5485
2020-10-02,4.5487
2020-10-05,4.5445
2020-10-06,4.5425
2020-10-07,4.543
2020-10-08,4.5425
2020-10-09,4.5425
2020-10-12,4.539
2020-10-13,4.5345
2020-10-14,4.537
2020-10-15,4.5357
2020-10-16,4.531
2020-10-19,4.5306
2020-10-20,4.5255
2020-10-21,4.525
2020-10-22,4.525
2020-10-23,4.5207
2020-10-26,4.5222
2020-10-27,4.5225
2020-10-28,4.5215
2020-10-29,4.5162
2020-10-30,4.5155
2020-11-02,4.5125
2020-11-03,4.5125
2020-11-04,4.516
2020-11-05,4.511
2020-11-06,4.506
2020-11-09,4.503
2020-11-10,4.5
2020-11-11,4.5007
2020-11-12,4.4987
2020-11-13,4.493
2020-11-16,4.505
2020-11-17,4.505
2020-11-18,4.5025
2020-11-19,4.4985
2020-11-20,4.4952
2020-11-23,4.4925
2020-11-24,4.4925
2020-11-25,4.49
2020-11-26,4.4875
2020-11-27,4.4835
2020-11-30,4.4855
2020-12-01,4.4872
2020-12-02,4.4885
2020-12-03,4.4889
2020-12-04,4.4845
2020-12-07,4.4825
2020-12-08,4.4825
2020-12-09,4.4819
2020-12-10,4.4775
2020-12-11,4.4782
2020-12-14,4.4775
2020-12-15,4.4745
2020-12-16,4.471
2020-12-17,4.5
2020-12-18,4.4965
2020-12-21,4.494
2020-12-22,4.495
2020-12-23,4.4922
2020-12-24,4.4882
2020-12-25,4.4878
2020-12-28,4.4878
2020-12-29,4.4875
2020-12-30,4.485
2020-12-31,4.4842
2021-01-01,4.4805
2021-01-04,4.4805
2021-01-05,4.481
2021-01-06,4.4812
2021-01-07,4.4776
2021-01-08,4.4775
2021-01-11,4.4775
2021-01-12,4.475
2021-01-13,4.4716
2021-01-14,4.47
2021-01-15,4.4677
2021-01-18,4.4675
2021-01-19,4.4655
2021-01-20,4.4667
2021-01-21,4.4637
2021-01-22,4.4615
2021-01-25,4.4615
2021-01-26,4.4592
2021-01-27,4.4565
2021-01-28,4.4542
2021-01-29,4.452
2021-02-01,4.45
2021-02-02,4.45
2021-02-03,4.4504
2021-02-04,4.4477
2021-02-05,4.4465
2021-02-08,4.4437
2021-02-09,4.4425
2021-02-10,4.442
2021-02-11,4.4415
2021-02-12,4.449
2021-02-15,4.2948
2021-02-16,4.2925
2021-02-17,4.2915
2021-02-18,4.289
2021-02-19,4.2875
2021-02-22,4.2865
2021-02-23,4.2875
2021-02-24,4.2862
2021-02-25,4.2831
2021-02-26,4.2825
2021-03-01,4.2812
2021-03-02,4.2825
2021-03-03,4.2813
2021-03-04,4.2825
2021-03-05,4.2825
2021-03-08,4.282
2021-03-09,4.285
2021-03-10,4.284
2021-03-11,4.2845
2021-03-12,4.2845
2021-03-15,4.283
2021-03-16,4.283
2021-03-17,4.2825
2021-03-18,4.2812
2021-03-19,4.2812
2021-03-22,4.285
2021-03-23,4.2837
2021-03-24,4.2825
2021-03-25,4.2825
2021-03-26,4.283
2021-03-29,4.2862
2021-03-30,4.285
2021-03-31,4.2875
2021-04-01,4.2875
2021-04-02,4.2875
2021-04-05,4.2875
2021-04-06,4.288
2021-04-07,4.2885
2021-04-08,4.2875
2021-04-09,4.2875
2021-04-12,4.2885
2021-04-13,4.2875
2021-04-14,4.2885
2021-04-15,4.285
2021-04-16,4.2831
2021-04-19,4.2815
2021-04-20,4.2825
2021-04-21,4.2829
2021-04-22,4.281
2021-04-23,4.281
2021-04-26,4.2825
2021-04-27,4.281
2021-04-28,4.281
2021-04-29,4.281
2021-04-30,4.283
2021-05-03,4.285
2021-05-04,4.2852
2021-05-05,4.286
2021-05-06,4.284
2021-05-07,4.2837
2021-05-10,4.2837
2021-05-11,4.285
2021-05-12,4.2875
2021-05-13,4.2872
2021-05-14,4.2897
2021-05-17,4.29
2021-05-18,4.2892
2021-05-19,4.289
2021-05-20,4.2885
2021-05-21,4.2745
2021-05-24,4.2815
2021-05-25,4.2824
2021-05-26,4.2815
2021-05-27,4.285
2021-05-28,4.285
2021-05-31,4.284
2021-06-01,4.283
2021-06-02,4.2825
2021-06-03,4.2825
2021-06-04,4.281
2021-06-07,4.2822
2021-06-08,4.2815
2021-06-09,4.285
2021-06-10,4.2827
2021-06-11,4.282
2021-06-14,4.285
2021-06-15,4.2859
2021-06-16,4.2875
2021-06-17,4.285
2021-06-18,4.2855
2021-06-21,4.2856
2021-06-22,4.285
2021-06-23,4.285
2021-06-24,4.2827
2021-06-25,4.2863
2021-06-28,4.52
2021-06-29,4.53
2021-06-30,4.5292
2021-07-01,4.529
2021-07-02,4.529
2021-07-05,4.5265
2021-07-06,4.5265
2021-07-07,4.5245
2021-07-08,4.524
2021-07-09,4.5235
2021-07-12,4.525
2021-07-13,4.524
2021-07-14,4.5225
2021-07-15,4.5245
2021-07-16,4.5227
2021-07-19,4.5215
2021-07-20,4.5215
2021-07-21,4.4922
2021-07-22,4.5055
2021-07-23,4.514
2021-07-26,4.514
2021-07-27,4.513
2021-07-28,4.5125
2021-07-29,4.515
2021-07-30,4.5142
2021-08-02,4.5135
2021-08-03,4.5125
2021-08-04,4.514
2021-08-05,4.5125
2021-08-06,4.5133
2021-08-09,4.5115
2021-08-10,4.5125
2021-08-11,4.5147
2021-08-12,4.52
2021-08-13,4.5315
2021-08-16,4.7525
2021-08-17,4.7532
2021-08-18,4.7528
2021-08-19,4.755
2021-08-20,4.7575
2021-08-23,4.7587
2021-08-24,4.755
2021-08-25,4.7544
2021-08-26,4.7545
2021-08-27,4.7502
2021-08-30,4.75
2021-08-31,4.751
2021-09-01,4.749
2021-09-02,4.7502
2021-09-03,4.7455
2021-09-06,4.7425
2021-09-07,4.7436
2021-09-08,4.7471
2021-09-09,4.7485
2021-09-10,4.7445
2021-09-13,4.745
2021-09-14,4.7425
2021-09-15,4.745
2021-09-16,4.745
2021-09-17,4.745
2021-09-20,4.745
2021-09-21,4.744
2021-09-22,4.7445
2021-09-23,4.7475
2021-09-24,4.7475
2021-09-27,4.7465
2021-09-28,4.7475
2021-09-29,4.7487
2021-09-30,4.749
2021-10-01,4.7515
2021-10-04,4.965
2021-10-05,4.9825
2021-10-06,4.985
2021-10-07,4.9875
2021-10-08,4.9825
2021-10-11,4.985
2021-10-12,4.9862
2021-10-13,4.9825
2021-10-14,4.9857
2021-10-15,4.9806
2021-10-18,4.9855
2021-10-19,4.9875
2021-10-20,4.9825
2021-10-21,4.9825
2021-10-22,4.9912
2021-10-25,4.9925
2021-10-26,4.995
2021-10-27,4.995
2021-10-28,4.995
2021-10-29,4.9962
2021-11-01,4.9975
2021-11-02,5.0004
2021-11-03,5.0004
2021-11-04,5.0022
2021-11-05,4.9754
2021-11-08,4.9902
2021-11-09,4.995
2021-11-10,4.9975
2021-11-11,4.9987
2021-11-12,5.001
2021-11-15,5.22
2021-11-16,5.22
2021-11-17,5.23
2021-11-18,5.229
2021-11-19,5.2335
2021-11-22,5.2362
2021-11-23,5.2368
2021-11-24,5.2375
2021-11-25,5.235
2021-11-26,5.235
2021-11-29,5.2325
2021-11-30,5.2275
2021-12-01,5.2275
2021-12-02,5.231
2021-12-03,5.2315
2021-12-06,5.227
2021-12-07,5.2325
2021-12-08,5.2372
2021-12-09,5.235
2021-12-10,5.24
2021-12-13,5.2362
2021-12-14,5.2377
2021-12-15,5.2389
2021-12-16,5.2382
2021-12-17,5.2491
2021-12-20,5.7
2021-12-21,5.71
2021-12-22,5.71
2021-12-23,5.712
2021-12-24,5.7122
2021-12-27,5.7135
2021-12-28,5.714
2021-12-29,5.7157
2021-12-30,5.715
2021-12-31,5.715
2022-01-03,5.715
2022-01-04,5.7175
2022-01-05,5.7165
2022-01-06,5.718
2022-01-07,5.7185
2022-01-10,5.719
2022-01-11,5.719
2022-01-12,5.721
2022-01-13,5.7225
2022-01-14,5.7225
2022-01-17,5.7215
2022-01-18,5.722
2022-01-19,5.7225
2022-01-20,5.7262
2022-01-21,5.728
2022-01-24,5.7277
2022-01-25,5.7298
2022-01-26,5.7319
2022-01-27,5.733
2022-01-28,5.733
2022-01-31,5.734
2022-02-01,5.7365
2022-02-02,5.738
2022-02-03,5.739
2022-02-04,5.7415
2022-02-07,5.742
2022-02-08,5.742
2022-02-09,5.745
2022-02-10,5.745
2022-02-11,5.7537
2022-02-14,6.2012
2022-02-15,6.2256
2022-02-16,6.2325
2022-02-17,6.2375
2022-02-18,6.2325
2022-02-21,6.2275
2022-02-22,6.225
2022-02-23,6.225
2022-02-24,6.221
2022-02-25,6.228
2022-02-28,6.234
2022-03-01,6.2367
2022-03-02,6.2395
2022-03-03,6.241
2022-03-04,6.2362
2022-03-07,6.2315
2022-03-08,6.23
2022-03-09,6.23
2022-03-10,6.235
2022-03-11,6.2375
2022-03-14,6.2375
2022-03-15,6.2425
2022-03-16,6.2487
2022-03-17,6.2523
2022-03-18,6.26
2022-03-21,6.2625
2022-03-22,6.2625
2022-03-23,6.275
2022-03-24,6.2825
2022-03-25,6.2912
2022-03-28,6.7175
2022-03-29,6.7237
2022-03-30,6.7265
2022-03-31,6.7265
2022-04-01,6.7225
2022-04-04,6.721
2022-04-05,6.7225
2022-04-06,6.721
2022-04-07,6.7255
2022-04-08,6.7277
2022-04-11,6.7285
2022-04-12,6.726
2022-04-13,6.73
2022-04-14,6.7345
2022-04-15,6.7345
2022-04-18,6.7345
2022-04-19,6.737
2022-04-20,6.7304
2022-04-21,6.73
2022-04-22,6.735
2022-04-25,6.7325
2022-04-26,6.74
2022-04-27,6.745
2022-04-28,6.745
2022-04-29,6.7506
2022-05-02,6.7525
2022-05-03,6.757
2022-05-04,6.7556
2022-05-05,6.7603
2022-05-06,6.765
2022-05-09,6.765
2022-05-10,6.7725
2022-05-11,6.795
2022-05-12,6.8075
2022-05-13,6.8199
2022-05-16,7.235
2022-05-17,7.218
2022-05-18,7.2087
2022-05-19,7.205
2022-05-20,7.203
2022-05-23,7.202
2022-05-24,7.2075
2022-05-25,7.2187
2022-05-26,7.2107
2022-05-27,7.207
2022-05-30,7.215
2022-05-31,7.2225
2022-06-01,7.225
2022-06-02,7.23
2022-06-03,7.2355
2022-06-06,7.2335
2022-06-07,7.242
2022-06-08,7.2465
2022-06-09,7.2627
2022-06-10,7.267
2022-06-13,7.2715
2022-06-14,7.28
2022-06-15,7.2855
2022-06-16,7.3025
2022-06-17,7.3225
2022-06-20,7.33
2022-06-21,7.3375
2022-06-22,7.355
2022-06-23,7.3775
2022-06-24,7.3913
2022-06-27,8.0125
2022-06-28,8.018
2022-06-29,8.0255
2022-06-30,8.0245
2022-07-01,8.0303
2022-07-04,8.032
2022-07-05,8.025
2022-07-06,8.0303
2022-07-07,8.032
2022-07-08,8.03
2022-07-11,8.0315
2022-07-12,8.0375
2022-07-13,8.03
2022-07-14,8.0365
2022-07-15,8.035
2022-07-18,8.0245
2022-07-19,8.02
2022-07-20,8.03
2022-07-21,8.04
2022-07-22,8.045
2022-07-25,8.0445
2022-07-26,8.044
2022-07-27,8.05
2022-07-28,8.06
2022-07-29,8.075
2022-08-01,8.08
2022-08-02,8.0912
2022-08-03,8.105
2022-08-04,8.1074
2022-08-05,8.1187
2022-08-08,8.119
2022-08-09,8.1225
2022-08-10,8.1312
2022-08-11,8.1624
2022-08-12,8.1787
2022-08-15,8.775
2022-08-16,8.7612
2022-08-17,8.7706
2022-08-18,8.768
2022-08-19,8.7728
2022-08-22,8.7763
2022-08-23,8.781
2022-08-24,8.783
2022-08-25,8.8
2022-08-26,8.808
2022-08-29,8.812
2022-08-30,8.8148
2022-08-31,8.8163
2022-09-01,8.821
2022-09-02,8.8235
2022-09-05,8.82
2022-09-06,8.8177
2022-09-07,8.8196
2022-09-08,8.835
2022-09-09,8.843
2022-09-12,8.8527
2022-09-13,8.8599
2022-09-14,8.8699
2022-09-15,8.8787
2022-09-16,8.8912
2022-09-19,8.8912
2022-09-20,8.9006
2022-09-21,8.915
2022-09-22,8.9275
2022-09-23,8.9395
2022-09-26,8.9509
2022-09-27,8.9585
2022-09-28,8.9792
2022-09-29,8.9896
2022-09-30,9.02
2022-10-03,9.535
2022-10-04,9.5366
2022-10-05,9.5453
2022-10-06,9.5515
2022-10-07,9.5451
2022-10-10,9.5465
2022-10-11,9.545
2022-10-12,9.5515
2022-10-13,9.5595
2022-10-14,9.5635
2022-10-17,9.5655
2022-10-18,9.5665
2022-10-19,9.567
2022-10-20,9.5663
2022-10-21,9.567
2022-10-24,9.5675
2022-10-25,9.575
2022-10-26,9.584
2022-10-27,9.591
2022-10-28,9.59
2022-10-31,9.594
2022-11-01,9.596
2022-11-02,9.597
2022-11-03,9.597
2022-11-04,9.606
2022-11-07,9.612
2022-11-08,9.6125
2022-11-09,9.62
2022-11-10,9.63
2022-11-11,9.65
2022-11-14,10.22
2022-11-15,10.235
2022-11-16,10.2457
2022-11-17,10.24
2022-11-18,10.2395
2022-11-21,10.2495
2022-11-22,10.2495
2022-11-23,10.2487
2022-11-24,10.2599
2022-11-25,10.2694
2022-11-28,10.2749
2022-11-29,10.2857
2022-11-30,10.2875
2022-12-01,10.2935
2022-12-02,10.2987
2022-12-05,10.309
2022-12-06,10.3162
2022-12-07,10.3249
2022-12-08,10.3287
2022-12-09,10.3343
2022-12-12,10.3471
2022-12-13,10.3471
2022-12-14,10.3535
2022-12-15,10.3612
2022-12-16,10.3737
2022-12-19,10.7125
2022-12-20,10.715
2022-12-21,10.722
2022-12-22,10.7359
2022-12-23,10.7375
2022-12-26,10.7472
2022-12-27,10.745
2022-12-28,10.7545
2022-12-29,10.762
2022-12-30,10.7605
2023-01-02,10.77
2023-01-03,10.7775
2023-01-04,10.777
2023-01-05,10.7663
2023-01-06,10.768
2023-01-09,10.769
2023-01-10,10.7745
2023-01-11,10.7675
2023-01-12,10.7675
2023-01-13,10.7675
2023-01-16,10.76
2023-01-17,10.775
2023-01-18,10.7775
2023-01-19,10.7872
2023-01-20,10.7885
2023-01-23,10.7899
2023-01-24,10.7924
2023-01-25,10.791
2023-01-26,10.7965
2023-01-27,10.7955
2023-01-30,10.805
2023-01-31,10.8162
2023-02-01,10.8125
2023-02-02,10.8274
2023-02-03,10.8335
2023-02-06,10.8449
2023-02-07,10.8449
2023-02-08,10.8512
2023-02-09,10.8605
2023-02-10,10.88
2023-02-13,11.2275
2023-02-14,11.2349
2023-02-15,11.237
2023-02-16,11.243
2023-02-17,11.241
2023-02-20,11.245
2023-02-21,11.2545
2023-02-22,11.2642
2023-02-23,11.2604
2023-02-24,11.27
2023-02-27,11.275
2023-02-28,11.2655
2023-03-01,11.274
2023-03-02,11.2675
2023-03-03,11.2775
2023-03-06,11.2823
2023-03-07,11.285
2023-03-08,11.296
2023-03-09,11.2962
2023-03-10,11.308
2023-03-13,11.314
2023-03-14,11.3195
2023-03-15,11.3245
2023-03-16,11.3372
2023-03-17,11.3474
2023-03-20,11.35
2023-03-21,11.35
2023-03-22,11.355
2023-03-23,11.365
2023-03-24,11.3749
2023-03-27,11.3874
2023-03-28,11.3986
2023-03-29,11.4035
2023-03-30,11.4149
2023-03-31,11.4274
2023-04-03,11.52
2023-04-04,11.5195
2023-04-05,11.5175
2023-04-06,11.5267
2023-04-07,11.5267
2023-04-10,11.5267
2023-04-11,11.5175
2023-04-12,11.5175
2023-04-13,11.5255
2023-04-14,11.5345
2023-04-17,11.539
2023-04-18,11.5353
2023-04-19,11.537
2023-04-20,11.5329
2023-04-21,11.5293
2023-04-24,11.5253
2023-04-25,11.525
2023-04-26,11.5265
2023-04-27,11.5357
2023-04-28,11.5445
2023-05-01,11.5499
2023-05-02,11.5499
2023-05-03,11.549
2023-05-04,11.554
2023-05-05,11.5669
2023-05-08,11.5625
2023-05-09,11.562
2023-05-10,11.5652
2023-05-11,11.5538
2023-05-12,11.5523
2023-05-15,11.5493
2023-05-16,11.5384
2023-05-17,11.5375
2023-05-18,11.525
2023-05-19,11.526
2023-05-22,11.5213
2023-05-23,11.515
2023-05-24,11.5135
2023-05-25,11.51
2023-05-26,11.5135
2023-05-29,11.5017
2023-05-30,11.509
2023-05-31,11.5057
2023-06-01,11.4966
2023-06-02,11.504
2023-06-05,11.5033
2023-06-06,11.5
2023-06-07,11.498
2023-06-08,11.5015
2023-06-09,11.509
2023-06-12,11.5125
2023-06-13,11.5075
2023-06-14,11.4975
2023-06-15,11.4995
2023-06-16,11.498
2023-06-19,11.5032
2023-06-20,11.4995
2023-06-21,11.5067
2023-06-22,11.5045
2023-06-23,11.5
2023-06-26,11.508
2023-06-27,11.5005
2023-06-28,11.4855
2023-06-29,11.4962
2023-06-30,11.4925
2023-07-03,11.498
2023-07-04,11.503
2023-07-05,11.503
2023-07-06,11.508
2023-07-07,11.5105
2023-07-10,11.5002
2023-07-11,11.4904
2023-07-12,11.495
2023-07-13,11.4925
2023-07-14,11.49
2023-07-17,11.4865
2023-07-18,11.49
2023-07-19,11.4915
2023-07-20,11.5
2023-07-21,11.505
2023-07-24,11.5037
2023-07-25,11.5084
2023-07-26,11.5054
2023-07-27,11.5095
2023-07-28,11.514
2023-07-31,11.5135
2023-08-01,11.508
2023-08-02,11.5105
2023-08-03,11.5053
2023-08-04,11.505
2023-08-07,11.5025
2023-08-08,11.5
2023-08-09,11.494
2023-08-10,11.5005
2023-08-11,11.494
2023-08-14,11.4975
2023-08-15,11.485
2023-08-16,11.485
2023-08-17,11.5
2023-08-18,11.4925
2023-08-21,11.4925
2023-08-22,11.4975
2023-08-23,11.505
2023-08-24,11.4975
2023-08-25,11.494
2023-08-28,11.5062
2023-08-29,11.5055
2023-08-30,11.5079
2023-08-31,11.509
2023-09-01,11.507
2023-09-04,11.506
2023-09-05,11.5019
2023-09-06,11.4972
2023-09-07,11.501
2023-09-08,11.5
2023-09-11,11.5012
2023-09-12,11.5055
2023-09-13,11.5004
2023-09-14,11.505
2023-09-15,11.5075
2023-09-18,11.506
2023-09-19,11.5055
2023-09-20,11.5075
2023-09-21,11.5037
2023-09-22,11.5065
2023-09-25,11.5055
2023-09-26,11.499
2023-09-27,11.4995
2023-09-28,11.5041
2023-09-29,11.4983
2023-10-02,11.5028
2023-10-03,11.5
2023-10-04,11.4985
2023-10-05,11.4983
2023-10-06,11.4979
2023-10-09,11.4977
2023-10-10,11.5
2023-10-11,11.501
2023-10-12,11.502
2023-10-13,11.5022
2023-10-16,11.5045
2023-10-17,11.506
2023-10-18,11.5065
2023-10-19,11.507
2023-10-20,11.507
2023-10-23,11.507
2023-10-24,11.507
2023-10-25,11.507
2023-10-26,11.5047
2023-10-27,11.506
2023-10-30,11.5065
2023-10-31,11.5045
2023-11-01,11.5035
2023-11-02,11.5055
2023-11-03,11.5055
2023-11-06,11.5065
2023-11-07,11.507
2023-11-08,11.507
2023-11-09,11.507
2023-11-10,11.507
2023-11-13,11.507
2023-11-14,11.5064
2023-11-15,11.5055
2023-11-16,11.5051
2023-11-17,11.505
2023-11-20,11.5037
2023-11-21,11.5037
2023-11-22,11.504
2023-11-23,11.504
2023-11-24,11.504
2023-11-27,11.504
2023-11-28,11.5032
2023-11-29,11.504
2023-11-30,11.5041
2023-12-01,11.5033
2023-12-04,11.504
2023-12-05,11.5051
2023-12-06,11.5038
2023-12-07,11.504
2023-12-08,11.504
2023-12-11,11.506
2023-12-12,11.5075
2023-12-13,11.5075
2023-12-14,11.506
2023-12-15,11.5043
2023-12-18,11.504
2023-12-19,11.504
2023-12-20,11.5025
2023-12-21,11.5025
2023-12-22,11.5025
2023-12-25,11.5037
2023-12-26,11.5037
2023-12-27,11.505
2023-12-28,11.504
2023-12-29,11.5035
2024-01-01,11.5025
2024-01-02,11.5025
2024-01-03,11.5022
2024-01-04,11.5025
2024-01-05,11.5025
2024-01-08,11.5025
2024-01-09,11.5025
2024-01-10,11.5025
2024-01-11,11.5025
2024-01-12,11.5025
2024-01-15,11.4975
2024-01-16,11.5002
2024-01-17,11.4988
2024-01-18,11.5006
2024-01-19,11.501
2024-01-22,11.5017
2024-01-23,11.4985
2024-01-24,11.5002
2024-01-25,11.5015
2024-01-26,11.4995
2024-01-29,11.4985
2024-01-30,11.499
2024-01-31,11.5
2024-02-01,11.5012
2024-02-02,11.4993
2024-02-05,11.4984
2024-02-06,11.4984
2024-02-07,11.498
2024-02-08,11.499
2024-02-09,11.4982
2024-02-12,11.4995
2024-02-13,11.5007
2024-02-14,11.4966
2024-02-15,11.4983
2024-02-16,11.4954
2024-02-19,11.495
2024-02-20,11.495
2024-02-21,11.4925
2024-02-22,11.4962
2024-02-23,11.4925
2024-02-26,11.4925
2024-02-27,11.4891
2024-02-28,11.49
2024-02-29,11.4875
2024-03-01,11.4937
2024-03-04,11.485
2024-03-05,11.4775
2024-03-06,11.485
2024-03-07,11.485
2024-03-08,11.4859
2024-03-11,11.4825
2024-03-12,11.4724
2024-03-13,11.4748
2024-03-14,11.47
2024-03-15,11.475
2024-03-18,11.4775
2024-03-19,11.4775
2024-03-20,11.4775
2024-03-21,11.48
2024-03-22,11.4799
2024-03-25,11.245
2024-03-26,11.247
2024-03-27,11.2475
2024-03-28,11.2485
2024-03-29,11.2485
2024-04-01,11.2485
2024-04-02,11.249
2024-04-03,11.2475
2024-04-04,11.2475
2024-04-05,11.2485
2024-04-08,11.2485
2024-04-09,11.249
2024-04-10,11.2492
2024-04-11,11.249
2024-04-12,11.2502
2024-04-15,11.2488
2024-04-16,11.2407
2024-04-17,11.2445
2024-04-18,11.245
2024-04-19,11.2465
2024-04-22,11.245
2024-04-23,11.245
2024-04-24,11.245
2024-04-25,11.245
2024-04-26,11.245
2024-04-29,11.245
2024-04-30,11.245
2024-05-01,11.24
2024-05-02,11.24
2024-05-03,11.24
2024-05-06,11.2366
2024-05-07,11.24
2024-05-08,11.24
2024-05-09,11.24
2024-05-10,11.24
2024-05-13,11.24
2024-05-14,11.24
2024-05-15,11.24
2024-05-16,11.2399
2024-05-17,11.235
2024-05-20,11.2399
2024-05-21,11.235
2024-05-22,11.235
2024-05-23,11.235
2024-05-24,11.2415
2024-05-27,11.235
2024-05-28,11.2425
2024-05-29,11.245
2024-05-30,11.2465
2024-05-31,11.245
2024-06-03,11.2465
2024-06-04,11.245
